NM_UE,SQ_CANDIDATO,DS_TIPO_BEM_CANDIDATO,VR_BEM_CANDIDATO
VITÓRIA DA CONQUISTA,50000637042,Quotas ou quinhões de capital,3452.85
VITÓRIA DA CONQUISTA,50000637042,Casa,300000.0
VITÓRIA DA CONQUISTA,50000637042,Terra nua,200000.0
VITÓRIA DA CONQUISTA,50000637042,Terra nua,3000.0
VITÓRIA DA CONQUISTA,50000637042,"Veículo automotor terrestre: caminhão, automóvel, moto, etc.",112033.4
VITÓRIA DA CONQUISTA,50000637042,Terreno,100000.0
VITÓRIA DA CONQUISTA,50000637056,Terreno,12000.0
VITÓRIA DA CONQUISTA,50000637056,"Veículo automotor terrestre: caminhão, automóvel, moto, etc.",15000.0
VITÓRIA DA CONQUISTA,50000637058,Casa,100000.0
VITÓRIA DA CONQUISTA,50000637059,Apartamento,280000.0
VITÓRIA DA CONQUISTA,50000637060,"Veículo automotor terrestre: caminhão, automóvel, moto, etc.",47694.0
VITÓRIA DA CONQUISTA,50000637060,Casa,500000.0
VITÓRIA DA CONQUISTA,50000637060,Caderneta de poupança,3506.33
VITÓRIA DA CONQUISTA,50000637060,Depósito bancário em conta corrente no País,1947.39
VITÓRIA DA CONQUISTA,50000637060,Linha telefônica,500.0
VITÓRIA DA CONQUISTA,50000637060,Linha telefônica,600.0
VITÓRIA DA CONQUISTA,50000637060,OUTROS BENS E DIREITOS,1900.0
VITÓRIA DA CONQUISTA,50000637060,OUTROS BENS E DIREITOS,950.0
VITÓRIA DA CONQUISTA,50000637056,Casa,300000.0
VITÓRIA DA CONQUISTA,50000637057,Casa,60000.0
VITÓRIA DA CONQUISTA,50000637059,"Veículo automotor terrestre: caminhão, automóvel, moto, etc.",15000.0
VITÓRIA DA CONQUISTA,50000637060,Quotas ou quinhões de capital,1056.15
VITÓRIA DA CONQUISTA,50000701061,Apartamento,250000.0
VITÓRIA DA CONQUISTA,50000701061,"Veículo automotor terrestre: caminhão, automóvel, moto, etc.",8000.0
VITÓRIA DA CONQUISTA,50000701066,Casa,360000.0
VITÓRIA DA CONQUISTA,50000701068,"Veículo automotor terrestre: caminhão, automóvel, moto, etc.",17000.0
VITÓRIA DA CONQUISTA,50000701068,Terreno,2163.55
VITÓRIA DA CONQUISTA,50000701068,Terreno,3379.96
VITÓRIA DA CONQUISTA,50000701068,Terreno,5574.0
VITÓRIA DA CONQUISTA,50000701068,Terreno,56199.87
VITÓRIA DA CONQUISTA,50000701068,Terreno,828.0
VITÓRIA DA CONQUISTA,50000701068,Terreno,684.0
VITÓRIA DA CONQUISTA,50000701068,Terreno,684.0
VITÓRIA DA CONQUISTA,50000701068,Terreno,910.8
VITÓRIA DA CONQUISTA,50000701069,"Veículo automotor terrestre: caminhão, automóvel, moto, etc.",5000.0
VITÓRIA DA CONQUISTA,50000701069,Terreno,15000.0
VITÓRIA DA CONQUISTA,50000701074,Casa,120000.0
VITÓRIA DA CONQUISTA,50000701077,"Veículo automotor terrestre: caminhão, automóvel, moto, etc.",94000.0
VITÓRIA DA CONQUISTA,50000701077,"Veículo automotor terrestre: caminhão, automóvel, moto, etc.",18600.0
VITÓRIA DA CONQUISTA,50000701077,Casa,200000.0
VITÓRIA DA CONQUISTA,50000701077,Terreno,10000.0
VITÓRIA DA CONQUISTA,50000701077,Terreno,135276.5
VITÓRIA DA CONQUISTA,50000701078,Terreno,2500.0
VITÓRIA DA CONQUISTA,50000701078,Terreno,206510.04
VITÓRIA DA CONQUISTA,50000701078,Terreno,36000.0
VITÓRIA DA CONQUISTA,50000701078,Terreno,20000.0
VITÓRIA DA CONQUISTA,50000701078,Terreno,80000.0
VITÓRIA DA CONQUISTA,50000701078,"Veículo automotor terrestre: caminhão, automóvel, moto, etc.",30000.0
VITÓRIA DA CONQUISTA,50000701078,"Veículo automotor terrestre: caminhão, automóvel, moto, etc.",47217.24
VITÓRIA DA CONQUISTA,50000701079,Terreno,35000.0
VITÓRIA DA CONQUISTA,50000701079,"Veículo automotor terrestre: caminhão, automóvel, moto, etc.",36000.0
VITÓRIA DA CONQUISTA,50000701080,Prédio residencial,755996.0
VITÓRIA DA CONQUISTA,50000701083,Casa,30000.0
VITÓRIA DA CONQUISTA,50000701084,Terreno,20000.0
VITÓRIA DA CONQUISTA,50000701087,Terreno,60000.0
VITÓRIA DA CONQUISTA,50000701087,"Veículo automotor terrestre: caminhão, automóvel, moto, etc.",45452.99
VITÓRIA DA CONQUISTA,50000701087,"Aplicação de renda fixa (CDB, RDB e outros)",184.0
VITÓRIA DA CONQUISTA,50000701087,Outros créditos e poupança vinculados,111.99
VITÓRIA DA CONQUISTA,50000701088,Casa,100000.0
VITÓRIA DA CONQUISTA,50000701089,Apartamento,271348.75
VITÓRIA DA CONQUISTA,50000701089,Apartamento,150000.0
VITÓRIA DA CONQUISTA,50000701089,Terreno,110367.0
VITÓRIA DA CONQUISTA,50000701089,"Veículo automotor terrestre: caminhão, automóvel, moto, etc.",60000.0
VITÓRIA DA CONQUISTA,50000701089,"Veículo automotor terrestre: caminhão, automóvel, moto, etc.",27566.9
VITÓRIA DA CONQUISTA,50000701091,Casa,100000.0
VITÓRIA DA CONQUISTA,50000701092,Casa,80000.0
VITÓRIA DA CONQUISTA,50000701061,"Veículo automotor terrestre: caminhão, automóvel, moto, etc.",18000.0
VITÓRIA DA CONQUISTA,50000701068,Terreno,684.0
VITÓRIA DA CONQUISTA,50000701069,"Veículo automotor terrestre: caminhão, automóvel, moto, etc.",4600.0
VITÓRIA DA CONQUISTA,50000701079,Casa,100000.0
VITÓRIA DA CONQUISTA,50000701081,Outros bens móveis,2500.0
VITÓRIA DA CONQUISTA,50000701085,"Veículo automotor terrestre: caminhão, automóvel, moto, etc.",21232.0
VITÓRIA DA CONQUISTA,50000701069,Terreno,6800.0
VITÓRIA DA CONQUISTA,50000701073,Casa,100000.0
VITÓRIA DA CONQUISTA,50000701077,VGBL - Vida Gerador de Benefício Livre,26600.0
VITÓRIA DA CONQUISTA,50000701078,Casa,120000.0
VITÓRIA DA CONQUISTA,50000701084,"Veículo automotor terrestre: caminhão, automóvel, moto, etc.",7000.0
VITÓRIA DA CONQUISTA,50000701087,Depósito bancário em conta corrente no País,4.26
VITÓRIA DA CONQUISTA,50000701089,Construção,95000.0
VITÓRIA DA CONQUISTA,50000701260,Casa,130000.0
VITÓRIA DA CONQUISTA,50000701261,"Veículo automotor terrestre: caminhão, automóvel, moto, etc.",80000.0
VITÓRIA DA CONQUISTA,50000701261,Outros fundos,226000.0
VITÓRIA DA CONQUISTA,50000701261,Outros fundos,6000.0
VITÓRIA DA CONQUISTA,50000701261,Apartamento,60000.0
VITÓRIA DA CONQUISTA,50000701261,Casa,47000.0
VITÓRIA DA CONQUISTA,50000701261,Consórcio não contemplado,150899.0
VITÓRIA DA CONQUISTA,50000701261,Depósito bancário em conta corrente no País,7088.96
VITÓRIA DA CONQUISTA,50000701261,Outros bens imóveis,25000.0
VITÓRIA DA CONQUISTA,50000701261,Outros bens imóveis,20000.0
VITÓRIA DA CONQUISTA,50000701261,Outros bens imóveis,132462.73
VITÓRIA DA CONQUISTA,50000701261,Outras participações societárias,13488.42
VITÓRIA DA CONQUISTA,50000701261,Benfeitorias,116205.0
VITÓRIA DA CONQUISTA,50000701261,Outros fundos,60000.0
VITÓRIA DA CONQUISTA,50000701261,Outros fundos,800.0
VITÓRIA DA CONQUISTA,50000701261,Apartamento,85000.0
VITÓRIA DA CONQUISTA,50000701261,Dinheiro em espécie - moeda nacional,5000.0
VITÓRIA DA CONQUISTA,50000701261,Outras participações societárias,11000.0
VITÓRIA DA CONQUISTA,50000701262,Casa,100000.0
VITÓRIA DA CONQUISTA,50000701264,Outros bens imóveis,52000.0
VITÓRIA DA CONQUISTA,50000701265,Outros bens imóveis,70000.0
VITÓRIA DA CONQUISTA,50000701265,Terreno,20000.0
VITÓRIA DA CONQUISTA,50000701265,"Veículo automotor terrestre: caminhão, automóvel, moto, etc.",16000.0
VITÓRIA DA CONQUISTA,50000701266,Terreno,60000.0
VITÓRIA DA CONQUISTA,50000701267,"Veículo automotor terrestre: caminhão, automóvel, moto, etc.",5000.0
VITÓRIA DA CONQUISTA,50000701267,Casa,150000.0
VITÓRIA DA CONQUISTA,50000701268,Casa,250000.0
VITÓRIA DA CONQUISTA,50000701268,Terreno,15000.0
VITÓRIA DA CONQUISTA,50000701268,Terreno,5000.0
VITÓRIA DA CONQUISTA,50000701268,Terreno,3000.0
VITÓRIA DA CONQUISTA,50000701269,Casa,150000.0
VITÓRIA DA CONQUISTA,50000701270,Casa,100000.0
VITÓRIA DA CONQUISTA,50000701270,Outros bens imóveis,70000.0
VITÓRIA DA CONQUISTA,50000701270,Outros bens imóveis,500000.0
VITÓRIA DA CONQUISTA,50000701270,Sala ou conjunto,10000.0
VITÓRIA DA CONQUISTA,50000701270,Sala ou conjunto,10000.0
VITÓRIA DA CONQUISTA,50000701270,"Veículo automotor terrestre: caminhão, automóvel, moto, etc.",27000.0
VITÓRIA DA CONQUISTA,50000701270,Sala ou conjunto,10000.0
VITÓRIA DA CONQUISTA,50000701272,Depósito bancário em conta corrente no País,2694.42
VITÓRIA DA CONQUISTA,50000701261,Casa,47000.0
VITÓRIA DA CONQUISTA,50000701263,Apartamento,122000.0
VITÓRIA DA CONQUISTA,50000701272,Depósito bancário em conta corrente no País,777.68
VITÓRIA DA CONQUISTA,50000701272,Depósito bancário em conta corrente no País,36.04
VITÓRIA DA CONQUISTA,50000701272,Dinheiro em espécie - moeda nacional,20000.0
VITÓRIA DA CONQUISTA,50000701273,Outros bens imóveis,200000.0
VITÓRIA DA CONQUISTA,50000701274,Apartamento,300000.0
VITÓRIA DA CONQUISTA,50000701274,"Veículo automotor terrestre: caminhão, automóvel, moto, etc.",110000.0
VITÓRIA DA CONQUISTA,50000701275,"Veículo automotor terrestre: caminhão, automóvel, moto, etc.",38000.0
VITÓRIA DA CONQUISTA,50000701275,Casa,200000.0
VITÓRIA DA CONQUISTA,50000701277,Outros bens imóveis,500000.0
VITÓRIA DA CONQUISTA,50000701280,Casa,33561.81
VITÓRIA DA CONQUISTA,50000701280,Depósito bancário em conta corrente no País,4100.0
VITÓRIA DA CONQUISTA,50000701281,Terreno,55000.0
VITÓRIA DA CONQUISTA,50000701281,Terreno,55000.0
VITÓRIA DA CONQUISTA,50000701281,"Veículo automotor terrestre: caminhão, automóvel, moto, etc.",30000.0
VITÓRIA DA CONQUISTA,50000701281,Dinheiro em espécie - moeda nacional,25000.0
VITÓRIA DA CONQUISTA,50000701281,Depósito bancário em conta corrente no País,16.23
VITÓRIA DA CONQUISTA,50000701281,Terreno,55000.0
VITÓRIA DA CONQUISTA,50000701281,Depósito bancário em conta corrente no País,220.97
VITÓRIA DA CONQUISTA,50000701281,Depósito bancário em conta corrente no País,1.42
VITÓRIA DA CONQUISTA,50000701282,Casa,150000.0
VITÓRIA DA CONQUISTA,50000701282,"Veículo automotor terrestre: caminhão, automóvel, moto, etc.",10000.0
VITÓRIA DA CONQUISTA,50000701283,Prédio residencial,32260.71
VITÓRIA DA CONQUISTA,50000701283,Apartamento,300000.0
VITÓRIA DA CONQUISTA,50000701279,"Veículo automotor terrestre: caminhão, automóvel, moto, etc.",25000.0
VITÓRIA DA CONQUISTA,50000701281,Outros bens imóveis,200000.0
VITÓRIA DA CONQUISTA,50000701281,Outras participações societárias,30000.0
VITÓRIA DA CONQUISTA,50000701519,Apartamento,61681.51
VITÓRIA DA CONQUISTA,50000701519,Apartamento,61681.51
VITÓRIA DA CONQUISTA,50000701519,Apartamento,61681.51
VITÓRIA DA CONQUISTA,50000701519,"Veículo automotor terrestre: caminhão, automóvel, moto, etc.",30000.0
VITÓRIA DA CONQUISTA,50000701520,"Veículo automotor terrestre: caminhão, automóvel, moto, etc.",20000.0
VITÓRIA DA CONQUISTA,50000701521,"Veículo automotor terrestre: caminhão, automóvel, moto, etc.",12000.0
VITÓRIA DA CONQUISTA,50000701525,"Veículo automotor terrestre: caminhão, automóvel, moto, etc.",15000.0
VITÓRIA DA CONQUISTA,50000701525,Terreno,50000.0
VITÓRIA DA CONQUISTA,50000701525,"Veículo automotor terrestre: caminhão, automóvel, moto, etc.",50000.0
VITÓRIA DA CONQUISTA,50000701525,Casa,80000.0
VITÓRIA DA CONQUISTA,50000701528,"Veículo automotor terrestre: caminhão, automóvel, moto, etc.",28000.0
VITÓRIA DA CONQUISTA,50000701532,"Veículo automotor terrestre: caminhão, automóvel, moto, etc.",9000.0
VITÓRIA DA CONQUISTA,50000701532,Casa,300000.0
VITÓRIA DA CONQUISTA,50000701534,"Veículo automotor terrestre: caminhão, automóvel, moto, etc.",10000.0
VITÓRIA DA CONQUISTA,50000701534,"Veículo automotor terrestre: caminhão, automóvel, moto, etc.",12000.0
VITÓRIA DA CONQUISTA,50000701536,"Veículo automotor terrestre: caminhão, automóvel, moto, etc.",80000.0
VITÓRIA DA CONQUISTA,50000701536,"Veículo automotor terrestre: caminhão, automóvel, moto, etc.",10000.0
VITÓRIA DA CONQUISTA,50000701538,"Veículo automotor terrestre: caminhão, automóvel, moto, etc.",30000.0
VITÓRIA DA CONQUISTA,50000701543,"Veículo automotor terrestre: caminhão, automóvel, moto, etc.",32000.0
VITÓRIA DA CONQUISTA,50000701798,"Veículo automotor terrestre: caminhão, automóvel, moto, etc.",22000.0
VITÓRIA DA CONQUISTA,50000701798,Casa,140000.0
VITÓRIA DA CONQUISTA,50000701799,"Veículo automotor terrestre: caminhão, automóvel, moto, etc.",18500.0
VITÓRIA DA CONQUISTA,50000701799,"Veículo automotor terrestre: caminhão, automóvel, moto, etc.",6500.0
VITÓRIA DA CONQUISTA,50000701799,"Veículo automotor terrestre: caminhão, automóvel, moto, etc.",5500.0
VITÓRIA DA CONQUISTA,50000701802,"Veículo automotor terrestre: caminhão, automóvel, moto, etc.",7000.0
VITÓRIA DA CONQUISTA,50000701806,Casa,100000.0
VITÓRIA DA CONQUISTA,50000701806,Casa,100000.0
VITÓRIA DA CONQUISTA,50000701809,"Veículo automotor terrestre: caminhão, automóvel, moto, etc.",12000.0
VITÓRIA DA CONQUISTA,50000701809,Casa,300000.0
VITÓRIA DA CONQUISTA,50000701810,"Veículo automotor terrestre: caminhão, automóvel, moto, etc.",22000.0
VITÓRIA DA CONQUISTA,50000701812,Casa,120000.0
VITÓRIA DA CONQUISTA,50000701813,"Veículo automotor terrestre: caminhão, automóvel, moto, etc.",33000.0
VITÓRIA DA CONQUISTA,50000701814,"Veículo automotor terrestre: caminhão, automóvel, moto, etc.",18000.0
VITÓRIA DA CONQUISTA,50000701814,Terreno,65700.0
VITÓRIA DA CONQUISTA,50000701814,Casa,100000.0
VITÓRIA DA CONQUISTA,50000701815,Terreno,15000.0
VITÓRIA DA CONQUISTA,50000701818,Casa,80000.0
VITÓRIA DA CONQUISTA,50000701819,"Veículo automotor terrestre: caminhão, automóvel, moto, etc.",15000.0
VITÓRIA DA CONQUISTA,50000701819,Casa,100000.0
VITÓRIA DA CONQUISTA,50000701821,Terreno,18000.0
VITÓRIA DA CONQUISTA,50000701821,Dinheiro em espécie - moeda nacional,148000.0
VITÓRIA DA CONQUISTA,50000701821,Terreno,477.6
VITÓRIA DA CONQUISTA,50000701821,Terreno,24614.8
VITÓRIA DA CONQUISTA,50000701821,Terreno,14000.0
VITÓRIA DA CONQUISTA,50000701821,Terreno,20000.0
VITÓRIA DA CONQUISTA,50000701821,Terreno,14000.0
VITÓRIA DA CONQUISTA,50000701821,"Veículo automotor terrestre: caminhão, automóvel, moto, etc.",10000.0
VITÓRIA DA CONQUISTA,50000701821,Casa,15274.0
VITÓRIA DA CONQUISTA,50000701821,Apartamento,130158.32
VITÓRIA DA CONQUISTA,50000701821,Casa,19718.57
VITÓRIA DA CONQUISTA,50000701822,Casa,160000.0
VITÓRIA DA CONQUISTA,50000701822,"Veículo automotor terrestre: caminhão, automóvel, moto, etc.",18000.0
VITÓRIA DA CONQUISTA,50000701823,"Veículo automotor terrestre: caminhão, automóvel, moto, etc.",7500.0
VITÓRIA DA CONQUISTA,50000701824,Casa,500000.0
VITÓRIA DA CONQUISTA,50000701824,"Veículo automotor terrestre: caminhão, automóvel, moto, etc.",25000.0
VITÓRIA DA CONQUISTA,50000701826,Apartamento,860000.0
VITÓRIA DA CONQUISTA,50000701827,"Veículo automotor terrestre: caminhão, automóvel, moto, etc.",30000.0
VITÓRIA DA CONQUISTA,50000701829,Casa,25000.0
VITÓRIA DA CONQUISTA,50000701521,"Veículo automotor terrestre: caminhão, automóvel, moto, etc.",5000.0
VITÓRIA DA CONQUISTA,50000701525,"Veículo automotor terrestre: caminhão, automóvel, moto, etc.",12000.0
VITÓRIA DA CONQUISTA,50000701525,OUTROS BENS E DIREITOS,40000.0
VITÓRIA DA CONQUISTA,50000701532,Terreno,30000.0
VITÓRIA DA CONQUISTA,50000701541,Casa,120000.0
VITÓRIA DA CONQUISTA,50000701816,Casa,100000.0
VITÓRIA DA CONQUISTA,50000925546,"Veículo automotor terrestre: caminhão, automóvel, moto, etc.",248000.0
VITÓRIA DA CONQUISTA,50000925546,Quotas ou quinhões de capital,100180.0
VITÓRIA DA CONQUISTA,50000925546,Quotas ou quinhões de capital,100000.0
VITÓRIA DA CONQUISTA,50000925546,Quotas ou quinhões de capital,1455.26
VITÓRIA DA CONQUISTA,50000925546,Depósito bancário em conta corrente no País,39.49
VITÓRIA DA CONQUISTA,50000925546,Depósito bancário em conta corrente no País,1234.77
VITÓRIA DA CONQUISTA,50000925546,Dinheiro em espécie - moeda nacional,30000.0
VITÓRIA DA CONQUISTA,50000925546,OUTROS BENS E DIREITOS,130394.92
VITÓRIA DA CONQUISTA,50000925547,Caderneta de poupança,142.7
VITÓRIA DA CONQUISTA,50000925547,Terreno,93277.41
VITÓRIA DA CONQUISTA,50000925547,Caderneta de poupança,130.88
VITÓRIA DA CONQUISTA,50000925547,Caderneta de poupança,4804.95
VITÓRIA DA CONQUISTA,50000925547,Depósito bancário em conta corrente no País,10305.16
VITÓRIA DA CONQUISTA,50000925547,Dinheiro em espécie - moeda nacional,45000.0
VITÓRIA DA CONQUISTA,50000925546,Terreno,44000.0
VITÓRIA DA CONQUISTA,50000925546,Terreno,10000.0
VITÓRIA DA CONQUISTA,50000925546,OUTROS BENS E DIREITOS,1804.71
VITÓRIA DA CONQUISTA,50000928775,Dinheiro em espécie - moeda nacional,5000.0
VITÓRIA DA CONQUISTA,50000928775,Depósito bancário em conta corrente no País,25000.0
VITÓRIA DA CONQUISTA,50000928775,Apartamento,200000.0
VITÓRIA DA CONQUISTA,50000928775,Apartamento,160000.0
VITÓRIA DA CONQUISTA,50000928775,Apartamento,150000.0
VITÓRIA DA CONQUISTA,50000928775,"Veículo automotor terrestre: caminhão, automóvel, moto, etc.",17000.0
VITÓRIA DA CONQUISTA,50000928775,"Veículo automotor terrestre: caminhão, automóvel, moto, etc.",45000.0
VITÓRIA DA CONQUISTA,50000928775,Casa,600000.0
VITÓRIA DA CONQUISTA,50000928775,Apartamento,300000.0
VITÓRIA DA CONQUISTA,50000928775,"Veículo automotor terrestre: caminhão, automóvel, moto, etc.",70000.0
VITÓRIA DA CONQUISTA,50000928775,Outros bens imóveis,24000.0
VITÓRIA DA CONQUISTA,50000928775,Terreno,90000.0
VITÓRIA DA CONQUISTA,50000928776,"Veículo automotor terrestre: caminhão, automóvel, moto, etc.",80000.0
VITÓRIA DA CONQUISTA,50000928776,Outras participações societárias,3800.0
VITÓRIA DA CONQUISTA,50000928776,"Veículo automotor terrestre: caminhão, automóvel, moto, etc.",40000.0
VITÓRIA DA CONQUISTA,50000928776,Depósito bancário em conta corrente no País,50000.0
VITÓRIA DA CONQUISTA,50000928776,Casa,150000.0
VITÓRIA DA CONQUISTA,50000928776,Casa,200000.0
VITÓRIA DA CONQUISTA,50000928776,"Veículo automotor terrestre: caminhão, automóvel, moto, etc.",50000.0
VITÓRIA DA CONQUISTA,50000928776,Terreno,50000.0
VITÓRIA DA CONQUISTA,50000928776,"Veículo automotor terrestre: caminhão, automóvel, moto, etc.",70000.0
VITÓRIA DA CONQUISTA,50000928776,Dinheiro em espécie - moeda nacional,5000.0
VITÓRIA DA CONQUISTA,50000928776,"Veículo automotor terrestre: caminhão, automóvel, moto, etc.",30000.0
VITÓRIA DA CONQUISTA,50000936723,Casa,200000.0
VITÓRIA DA CONQUISTA,50000936723,Casa,250000.0
VITÓRIA DA CONQUISTA,50000936723,Terreno,70000.0
VITÓRIA DA CONQUISTA,50000936723,"Veículo automotor terrestre: caminhão, automóvel, moto, etc.",65000.0
VITÓRIA DA CONQUISTA,50000936723,OUTROS BENS E DIREITOS,120000.0
VITÓRIA DA CONQUISTA,50000937865,Apartamento,600000.0
VITÓRIA DA CONQUISTA,50000937865,Terra nua,75000.0
VITÓRIA DA CONQUISTA,50000937865,Dinheiro em espécie - moeda nacional,20000.0
VITÓRIA DA CONQUISTA,50000937865,Terreno,150000.0
VITÓRIA DA CONQUISTA,50000937866,"Veículo automotor terrestre: caminhão, automóvel, moto, etc.",4000.0
VITÓRIA DA CONQUISTA,50000937866,"Veículo automotor terrestre: caminhão, automóvel, moto, etc.",18000.0
VITÓRIA DA CONQUISTA,50000937867,Casa,170133.28
VITÓRIA DA CONQUISTA,50000937868,"Veículo automotor terrestre: caminhão, automóvel, moto, etc.",3500.0
VITÓRIA DA CONQUISTA,50000937868,Terreno,21000.0
VITÓRIA DA CONQUISTA,50000937868,"Veículo automotor terrestre: caminhão, automóvel, moto, etc.",21000.0
VITÓRIA DA CONQUISTA,50000937868,Casa,130000.0
VITÓRIA DA CONQUISTA,50000937870,"Veículo automotor terrestre: caminhão, automóvel, moto, etc.",2000.0
VITÓRIA DA CONQUISTA,50000937872,Outros bens imóveis,40000.0
VITÓRIA DA CONQUISTA,50000937872,Terreno,11000.0
VITÓRIA DA CONQUISTA,50000937872,Depósito bancário em conta corrente no País,2000.0
VITÓRIA DA CONQUISTA,50000937875,Outras participações societárias,59400.0
VITÓRIA DA CONQUISTA,50000937875,Outras participações societárias,18000.0
VITÓRIA DA CONQUISTA,50000937876,Casa,120000.0
VITÓRIA DA CONQUISTA,50000937876,"Aplicação de renda fixa (CDB, RDB e outros)",4006.85
VITÓRIA DA CONQUISTA,50000937876,"Veículo automotor terrestre: caminhão, automóvel, moto, etc.",37000.0
VITÓRIA DA CONQUISTA,50000937877,Casa,90000.0
VITÓRIA DA CONQUISTA,50000937877,"Veículo automotor terrestre: caminhão, automóvel, moto, etc.",75000.0
VITÓRIA DA CONQUISTA,50000937878,Terreno,50000.0
VITÓRIA DA CONQUISTA,50000937879,Casa,78000.0
VITÓRIA DA CONQUISTA,50000937879,"Veículo automotor terrestre: caminhão, automóvel, moto, etc.",67000.0
VITÓRIA DA CONQUISTA,50000937879,Caderneta de poupança,20022.51
VITÓRIA DA CONQUISTA,50000937881,Apartamento,550000.0
VITÓRIA DA CONQUISTA,50000937881,Apartamento,500000.0
VITÓRIA DA CONQUISTA,50000937883,Outros bens imóveis,50000.0
VITÓRIA DA CONQUISTA,50000937883,Casa,30000.0
VITÓRIA DA CONQUISTA,50000937885,Casa,90000.0
VITÓRIA DA CONQUISTA,50000937885,Casa,100000.0
VITÓRIA DA CONQUISTA,50000937886,Casa,30000.0
VITÓRIA DA CONQUISTA,50000937886,OUTROS BENS E DIREITOS,5000.0
VITÓRIA DA CONQUISTA,50000937880,"Veículo automotor terrestre: caminhão, automóvel, moto, etc.",50000.0
VITÓRIA DA CONQUISTA,50000962950,Casa,90000.0
VITÓRIA DA CONQUISTA,50000962950,Bem relacionado com o exercício da atividade autônoma,111000.0
VITÓRIA DA CONQUISTA,50000962951,"Veículo automotor terrestre: caminhão, automóvel, moto, etc.",12800.0
VITÓRIA DA CONQUISTA,50000962952,Casa,250000.0
VITÓRIA DA CONQUISTA,50000962952,Apartamento,150000.0
VITÓRIA DA CONQUISTA,50000962952,"Veículo automotor terrestre: caminhão, automóvel, moto, etc.",25000.0
VITÓRIA DA CONQUISTA,50000962953,"Veículo automotor terrestre: caminhão, automóvel, moto, etc.",15000.0
VITÓRIA DA CONQUISTA,50000962955,Casa,70000.0
VITÓRIA DA CONQUISTA,50000962957,Casa,50000.0
VITÓRIA DA CONQUISTA,50000962958,Casa,90000.0
VITÓRIA DA CONQUISTA,50000962960,Casa,80000.0
VITÓRIA DA CONQUISTA,50000962960,Terreno,10000.0
VITÓRIA DA CONQUISTA,50000962961,"Veículo automotor terrestre: caminhão, automóvel, moto, etc.",8000.0
VITÓRIA DA CONQUISTA,50000962961,Terreno,30000.0
VITÓRIA DA CONQUISTA,50000962962,"Veículo automotor terrestre: caminhão, automóvel, moto, etc.",10000.0
VITÓRIA DA CONQUISTA,50000962963,Apartamento,250000.0
VITÓRIA DA CONQUISTA,50000962963,Casa,150000.0
VITÓRIA DA CONQUISTA,50000962963,Terreno,100000.0
VITÓRIA DA CONQUISTA,50000962963,"Veículo automotor terrestre: caminhão, automóvel, moto, etc.",45000.0
VITÓRIA DA CONQUISTA,50000962967,Terreno,160000.0
VITÓRIA DA CONQUISTA,50000962967,"Veículo automotor terrestre: caminhão, automóvel, moto, etc.",38000.0
VITÓRIA DA CONQUISTA,50000962969,Terreno,50000.0
VITÓRIA DA CONQUISTA,50000962969,"Veículo automotor terrestre: caminhão, automóvel, moto, etc.",12000.0
VITÓRIA DA CONQUISTA,50000962970,Casa,200000.0
VITÓRIA DA CONQUISTA,50000962972,"Veículo automotor terrestre: caminhão, automóvel, moto, etc.",77000.0
VITÓRIA DA CONQUISTA,50000962972,Casa,150000.0
VITÓRIA DA CONQUISTA,50000962973,Casa,200000.0
VITÓRIA DA CONQUISTA,50000962973,Terreno,20000.0
VITÓRIA DA CONQUISTA,50000962973,Terreno,56000.0
VITÓRIA DA CONQUISTA,50000962973,Terreno,25000.0
VITÓRIA DA CONQUISTA,50000962973,"Veículo automotor terrestre: caminhão, automóvel, moto, etc.",40000.0
VITÓRIA DA CONQUISTA,50000962973,Casa,125000.0
VITÓRIA DA CONQUISTA,50000962974,"Veículo automotor terrestre: caminhão, automóvel, moto, etc.",40000.0
VITÓRIA DA CONQUISTA,50000963501,"Veículo automotor terrestre: caminhão, automóvel, moto, etc.",20000.0
VITÓRIA DA CONQUISTA,50000963505,"Veículo automotor terrestre: caminhão, automóvel, moto, etc.",12000.0
VITÓRIA DA CONQUISTA,50000963505,"Veículo automotor terrestre: caminhão, automóvel, moto, etc.",5000.0
VITÓRIA DA CONQUISTA,50000963508,"Veículo automotor terrestre: caminhão, automóvel, moto, etc.",24000.0
VITÓRIA DA CONQUISTA,50000963508,"Veículo automotor terrestre: caminhão, automóvel, moto, etc.",7000.0
VITÓRIA DA CONQUISTA,50000963508,"Veículo automotor terrestre: caminhão, automóvel, moto, etc.",26000.0
VITÓRIA DA CONQUISTA,50000963509,Depósito bancário em conta corrente no País,17000.0
VITÓRIA DA CONQUISTA,50000963509,"Veículo automotor terrestre: caminhão, automóvel, moto, etc.",20000.0
VITÓRIA DA CONQUISTA,50000963915,Casa,200000.0
VITÓRIA DA CONQUISTA,50000963920,Casa,60000.0
VITÓRIA DA CONQUISTA,50000963921,"Veículo automotor terrestre: caminhão, automóvel, moto, etc.",35000.0
VITÓRIA DA CONQUISTA,50000963921,Casa,200000.0
VITÓRIA DA CONQUISTA,50000963921,"Veículo automotor terrestre: caminhão, automóvel, moto, etc.",50000.0
VITÓRIA DA CONQUISTA,50000963922,Casa,100000.0
VITÓRIA DA CONQUISTA,50000963923,Casa,180000.0
VITÓRIA DA CONQUISTA,50000963924,"Veículo automotor terrestre: caminhão, automóvel, moto, etc.",18000.0
VITÓRIA DA CONQUISTA,50000963924,"Veículo automotor terrestre: caminhão, automóvel, moto, etc.",60000.0
VITÓRIA DA CONQUISTA,50000963924,Terreno,15000.0
VITÓRIA DA CONQUISTA,50000963933,"Veículo automotor terrestre: caminhão, automóvel, moto, etc.",9000.0
VITÓRIA DA CONQUISTA,50000963933,"Veículo automotor terrestre: caminhão, automóvel, moto, etc.",3000.0
VITÓRIA DA CONQUISTA,50000963935,"Veículo automotor terrestre: caminhão, automóvel, moto, etc.",6000.0
VITÓRIA DA CONQUISTA,50000963936,Casa,180000.0
VITÓRIA DA CONQUISTA,50000963938,"Veículo automotor terrestre: caminhão, automóvel, moto, etc.",35000.0
VITÓRIA DA CONQUISTA,50000963938,"Veículo automotor terrestre: caminhão, automóvel, moto, etc.",26000.0
VITÓRIA DA CONQUISTA,50000963935,"Veículo automotor terrestre: caminhão, automóvel, moto, etc.",36000.0
VITÓRIA DA CONQUISTA,50000965697,"Veículo automotor terrestre: caminhão, automóvel, moto, etc.",14000.0
VITÓRIA DA CONQUISTA,50000965699,Casa,85000.0
VITÓRIA DA CONQUISTA,50000965699,"Veículo automotor terrestre: caminhão, automóvel, moto, etc.",3500.0
VITÓRIA DA CONQUISTA,50000965699,"Veículo automotor terrestre: caminhão, automóvel, moto, etc.",13000.0
VITÓRIA DA CONQUISTA,50000965700,OUTROS BENS E DIREITOS,51256.07
VITÓRIA DA CONQUISTA,50000965706,Casa,120000.0
VITÓRIA DA CONQUISTA,50000965706,"Veículo automotor terrestre: caminhão, automóvel, moto, etc.",9000.0
VITÓRIA DA CONQUISTA,50000965707,Caderneta de poupança,8000.0
VITÓRIA DA CONQUISTA,50000965707,Casa,90000.0
VITÓRIA DA CONQUISTA,50000965714,OUTROS BENS E DIREITOS,33904.18
VITÓRIA DA CONQUISTA,50000965715,Casa,500000.0
VITÓRIA DA CONQUISTA,50000965715,"Veículo automotor terrestre: caminhão, automóvel, moto, etc.",80000.0
VITÓRIA DA CONQUISTA,50000965715,"Veículo automotor terrestre: caminhão, automóvel, moto, etc.",50000.0
VITÓRIA DA CONQUISTA,50000965716,Terreno,50000.0
VITÓRIA DA CONQUISTA,50000965716,Terreno,50000.0
VITÓRIA DA CONQUISTA,50000965716,"Veículo automotor terrestre: caminhão, automóvel, moto, etc.",8000.0
VITÓRIA DA CONQUISTA,50000965716,OUTROS BENS E DIREITOS,10000.0
VITÓRIA DA CONQUISTA,50000965718,Apartamento,200000.0
VITÓRIA DA CONQUISTA,50000965718,Apartamento,200000.0
VITÓRIA DA CONQUISTA,50000965718,Casa,500000.0
VITÓRIA DA CONQUISTA,50000965718,Terreno,60000.0
VITÓRIA DA CONQUISTA,50000965718,OUTROS BENS E DIREITOS,70000.0
VITÓRIA DA CONQUISTA,50000965723,"Veículo automotor terrestre: caminhão, automóvel, moto, etc.",38000.0
VITÓRIA DA CONQUISTA,50000965724,"Veículo automotor terrestre: caminhão, automóvel, moto, etc.",90000.0
VITÓRIA DA CONQUISTA,50000965724,OUTROS BENS E DIREITOS,10000000.0
VITÓRIA DA CONQUISTA,50000965724,"Veículo automotor terrestre: caminhão, automóvel, moto, etc.",21000.0
VITÓRIA DA CONQUISTA,50000965724,OUTROS BENS E DIREITOS,540000.0
VITÓRIA DA CONQUISTA,50000965724,Outros bens imóveis,80000.0
VITÓRIA DA CONQUISTA,50000965724,OUTROS BENS E DIREITOS,3500000.0
VITÓRIA DA CONQUISTA,50000965724,"Veículo automotor terrestre: caminhão, automóvel, moto, etc.",279000.0
VITÓRIA DA CONQUISTA,50000965724,Loja,150000.0
VITÓRIA DA CONQUISTA,50000965724,"Veículo automotor terrestre: caminhão, automóvel, moto, etc.",180000.0
VITÓRIA DA CONQUISTA,50000965724,Casa,750000.0
VITÓRIA DA CONQUISTA,50000965724,"Veículo automotor terrestre: caminhão, automóvel, moto, etc.",135000.0
VITÓRIA DA CONQUISTA,50000965724,OUTROS BENS E DIREITOS,360000.0
VITÓRIA DA CONQUISTA,50000965724,Terreno,1500000.0
VITÓRIA DA CONQUISTA,50000965724,Casa,750000.0
VITÓRIA DA CONQUISTA,50000965724,Loja,80000.0
VITÓRIA DA CONQUISTA,50000965724,Casa,600000.0
VITÓRIA DA CONQUISTA,50000965724,Terreno,2500000.0
VITÓRIA DA CONQUISTA,50000965724,"Veículo automotor terrestre: caminhão, automóvel, moto, etc.",95000.0
VITÓRIA DA CONQUISTA,50000965724,"Veículo automotor terrestre: caminhão, automóvel, moto, etc.",94000.0
VITÓRIA DA CONQUISTA,50000965724,OUTROS BENS E DIREITOS,600000.0
VITÓRIA DA CONQUISTA,50000966450,"Veículo automotor terrestre: caminhão, automóvel, moto, etc.",42000.0
VITÓRIA DA CONQUISTA,50000966451,"Veículo automotor terrestre: caminhão, automóvel, moto, etc.",24000.0
VITÓRIA DA CONQUISTA,50000966453,"Veículo automotor terrestre: caminhão, automóvel, moto, etc.",47000.0
VITÓRIA DA CONQUISTA,50000966453,Casa,170000.0
VITÓRIA DA CONQUISTA,50000966454,Terra nua,60000.0
VITÓRIA DA CONQUISTA,50000966454,Casa,70000.0
VITÓRIA DA CONQUISTA,50000966454,Depósito bancário em conta corrente no País,1000.0
VITÓRIA DA CONQUISTA,50000966455,Caderneta de poupança,8496.24
VITÓRIA DA CONQUISTA,50000966455,Terreno,120000.0
VITÓRIA DA CONQUISTA,50000966455,Casa,200000.0
VITÓRIA DA CONQUISTA,50000966455,"Veículo automotor terrestre: caminhão, automóvel, moto, etc.",4000.0
VITÓRIA DA CONQUISTA,50000966455,Terreno,270000.0
VITÓRIA DA CONQUISTA,50000966455,Terreno,40000.0
VITÓRIA DA CONQUISTA,50000966455,Depósito bancário em conta corrente no País,172.45
VITÓRIA DA CONQUISTA,50000966456,Terreno,120000.0
VITÓRIA DA CONQUISTA,50000966456,Casa,250000.0
VITÓRIA DA CONQUISTA,50000966457,Casa,200000.0
VITÓRIA DA CONQUISTA,50000966458,"Veículo automotor terrestre: caminhão, automóvel, moto, etc.",3000.0
VITÓRIA DA CONQUISTA,50000966460,Terreno,30000.0
VITÓRIA DA CONQUISTA,50000966460,"Veículo automotor terrestre: caminhão, automóvel, moto, etc.",27000.0
VITÓRIA DA CONQUISTA,50000966460,Casa,250000.0
VITÓRIA DA CONQUISTA,50000966460,Outros fundos,1197.62
VITÓRIA DA CONQUISTA,50000966460,Depósito bancário em conta corrente no País,5879.41
VITÓRIA DA CONQUISTA,50000966460,Depósito bancário em conta corrente no País,288.95
VITÓRIA DA CONQUISTA,50000966460,Depósito bancário em conta corrente no País,630.1
VITÓRIA DA CONQUISTA,50000966460,Depósito bancário em conta corrente no País,1109.84
VITÓRIA DA CONQUISTA,50000966461,"Veículo automotor terrestre: caminhão, automóvel, moto, etc.",42000.0
VITÓRIA DA CONQUISTA,50000966461,"Veículo automotor terrestre: caminhão, automóvel, moto, etc.",120000.0
VITÓRIA DA CONQUISTA,50000966461,Terreno,160000.0
VITÓRIA DA CONQUISTA,50000966461,Apartamento,370000.0
VITÓRIA DA CONQUISTA,50000966461,"Aplicação de renda fixa (CDB, RDB e outros)",70000.0
VITÓRIA DA CONQUISTA,50000966463,"Veículo automotor terrestre: caminhão, automóvel, moto, etc.",13000.0
VITÓRIA DA CONQUISTA,50000966463,"Veículo automotor terrestre: caminhão, automóvel, moto, etc.",20000.0
VITÓRIA DA CONQUISTA,50000966464,Terreno,500000.0
VITÓRIA DA CONQUISTA,50000966464,Apartamento,250000.0
VITÓRIA DA CONQUISTA,50000966464,Prédio comercial,250000.0
VITÓRIA DA CONQUISTA,50000966464,Terreno,40000.0
VITÓRIA DA CONQUISTA,50000966464,Terreno,80000.0
VITÓRIA DA CONQUISTA,50000966464,"Veículo automotor terrestre: caminhão, automóvel, moto, etc.",20000.0
VITÓRIA DA CONQUISTA,50000966465,Casa,75000.0
VITÓRIA DA CONQUISTA,50000966467,Casa,100000.0
VITÓRIA DA CONQUISTA,50000966467,"Veículo automotor terrestre: caminhão, automóvel, moto, etc.",10000.0
VITÓRIA DA CONQUISTA,50000966468,Terreno,30000.0
VITÓRIA DA CONQUISTA,50000966469,Casa,200000.0
VITÓRIA DA CONQUISTA,50000966469,Terreno,80000.0
VITÓRIA DA CONQUISTA,50000966470,"Veículo automotor terrestre: caminhão, automóvel, moto, etc.",18000.0
VITÓRIA DA CONQUISTA,50000966470,Outras aplicações e Investimentos,225600.0
VITÓRIA DA CONQUISTA,50000966470,Ações (inclusive as provenientes de linha telefônica),78126.43
VITÓRIA DA CONQUISTA,50000966471,"Veículo automotor terrestre: caminhão, automóvel, moto, etc.",28000.0
VITÓRIA DA CONQUISTA,50000966472,Casa,250000.0
VITÓRIA DA CONQUISTA,50000966472,"Veículo automotor terrestre: caminhão, automóvel, moto, etc.",28000.0
VITÓRIA DA CONQUISTA,50000966473,Bem relacionado com o exercício da atividade autônoma,150000.0
VITÓRIA DA CONQUISTA,50000966474,"Veículo automotor terrestre: caminhão, automóvel, moto, etc.",84000.0
VITÓRIA DA CONQUISTA,50000966575,Casa,150000.0
VITÓRIA DA CONQUISTA,50000966575,Terreno,40000.0
VITÓRIA DA CONQUISTA,50000966575,"Veículo automotor terrestre: caminhão, automóvel, moto, etc.",1800.0
VITÓRIA DA CONQUISTA,50000966577,Casa,90000.0
VITÓRIA DA CONQUISTA,50000966577,"Veículo automotor terrestre: caminhão, automóvel, moto, etc.",16000.0
VITÓRIA DA CONQUISTA,50000966578,Casa,122000.0
VITÓRIA DA CONQUISTA,50000966578,"Veículo automotor terrestre: caminhão, automóvel, moto, etc.",4500.0
VITÓRIA DA CONQUISTA,50000966579,Apartamento,120000.0
VITÓRIA DA CONQUISTA,50000966580,Terreno,22968.0
VITÓRIA DA CONQUISTA,50000966580,Quotas ou quinhões de capital,8719.22
VITÓRIA DA CONQUISTA,50000966580,Quotas ou quinhões de capital,1000.0
VITÓRIA DA CONQUISTA,50000966580,Casa,628340.22
VITÓRIA DA CONQUISTA,50000966580,Quotas ou quinhões de capital,20000.0
VITÓRIA DA CONQUISTA,50000966580,Depósito bancário em conta corrente no País,10158.64
VITÓRIA DA CONQUISTA,50000966580,Depósito bancário em conta corrente no País,19941.48
VITÓRIA DA CONQUISTA,50000966580,Depósito bancário em conta corrente no País,5043.36
VITÓRIA DA CONQUISTA,50000966580,Caderneta de poupança,54218.55
VITÓRIA DA CONQUISTA,50000966580,Casa,93257.84
VITÓRIA DA CONQUISTA,50000966580,Casa,13576.31
VITÓRIA DA CONQUISTA,50000966580,Casa,105900.0
VITÓRIA DA CONQUISTA,50000966580,Terreno,96384.0
VITÓRIA DA CONQUISTA,50000966580,Outros bens imóveis,1900.0
VITÓRIA DA CONQUISTA,50000966580,Outros bens imóveis,7365.8
VITÓRIA DA CONQUISTA,50000966580,Outros bens imóveis,2500.0
VITÓRIA DA CONQUISTA,50000966580,"Veículo automotor terrestre: caminhão, automóvel, moto, etc.",97900.0
VITÓRIA DA CONQUISTA,50000966580,Outros bens móveis,13532.0
VITÓRIA DA CONQUISTA,50000966580,Caderneta de poupança,13071.16
VITÓRIA DA CONQUISTA,50000966581,"Veículo automotor terrestre: caminhão, automóvel, moto, etc.",7500.0
VITÓRIA DA CONQUISTA,50000966581,"Veículo automotor terrestre: caminhão, automóvel, moto, etc.",3500.0
VITÓRIA DA CONQUISTA,50000966583,"Veículo automotor terrestre: caminhão, automóvel, moto, etc.",15000.0
VITÓRIA DA CONQUISTA,50000966584,"Veículo automotor terrestre: caminhão, automóvel, moto, etc.",11000.0
VITÓRIA DA CONQUISTA,50000966585,"Veículo automotor terrestre: caminhão, automóvel, moto, etc.",80000.0
VITÓRIA DA CONQUISTA,50000966585,"Veículo automotor terrestre: caminhão, automóvel, moto, etc.",6000.0
VITÓRIA DA CONQUISTA,50000966585,Outros bens imóveis,750000.0
VITÓRIA DA CONQUISTA,50000966585,"Veículo automotor terrestre: caminhão, automóvel, moto, etc.",15000.0
VITÓRIA DA CONQUISTA,50000966585,"Veículo automotor terrestre: caminhão, automóvel, moto, etc.",90000.0
VITÓRIA DA CONQUISTA,50000966589,"Veículo automotor terrestre: caminhão, automóvel, moto, etc.",8000.0
VITÓRIA DA CONQUISTA,50000966589,"Veículo automotor terrestre: caminhão, automóvel, moto, etc.",40000.0
VITÓRIA DA CONQUISTA,50000966589,"Veículo automotor terrestre: caminhão, automóvel, moto, etc.",20000.0
VITÓRIA DA CONQUISTA,50000966590,Casa,120000.0
VITÓRIA DA CONQUISTA,50000966591,Casa,28000.0
VITÓRIA DA CONQUISTA,50000966594,Terreno,30000.0
VITÓRIA DA CONQUISTA,50000966594,"Veículo automotor terrestre: caminhão, automóvel, moto, etc.",9000.0
VITÓRIA DA CONQUISTA,50000966597,Casa,150000.0
VITÓRIA DA CONQUISTA,50000966598,"Veículo automotor terrestre: caminhão, automóvel, moto, etc.",25000.0
VITÓRIA DA CONQUISTA,50000966599,Apartamento,102880.0
VITÓRIA DA CONQUISTA,50000966600,"Veículo automotor terrestre: caminhão, automóvel, moto, etc.",10000.0
VITÓRIA DA CONQUISTA,50000966600,"Veículo automotor terrestre: caminhão, automóvel, moto, etc.",6000.0
VITÓRIA DA CONQUISTA,50000966601,Casa,100000.0
VITÓRIA DA CONQUISTA,50000966601,Outros bens imóveis,200000.0
VITÓRIA DA CONQUISTA,50000966601,"Veículo automotor terrestre: caminhão, automóvel, moto, etc.",150000.0
VITÓRIA DA CONQUISTA,50000966601,Outras participações societárias,20000.0
VITÓRIA DA CONQUISTA,50000966602,Casa,300000.0
VITÓRIA DA CONQUISTA,50000966602,"Veículo automotor terrestre: caminhão, automóvel, moto, etc.",6000.0
VITÓRIA DA CONQUISTA,50000966602,"Veículo automotor terrestre: caminhão, automóvel, moto, etc.",8000.0
VITÓRIA DA CONQUISTA,50000966603,Terreno,80000.0
VITÓRIA DA CONQUISTA,50000966604,"Veículo automotor terrestre: caminhão, automóvel, moto, etc.",6300.0
VITÓRIA DA CONQUISTA,50000966605,Casa,280000.0
VITÓRIA DA CONQUISTA,50000966605,Casa,120000.0
VITÓRIA DA CONQUISTA,50000966605,Casa,250000.0
VITÓRIA DA CONQUISTA,50000966464,Terreno,80000.0
VITÓRIA DA CONQUISTA,50000966464,Terreno,150000.0
VITÓRIA DA CONQUISTA,50000966474,Terreno,31800.0
VITÓRIA DA CONQUISTA,50001031961,Casa,200000.0
VITÓRIA DA CONQUISTA,50001031961,"Veículo automotor terrestre: caminhão, automóvel, moto, etc.",40000.0
VITÓRIA DA CONQUISTA,50001032387,Casa,120000.0
VITÓRIA DA CONQUISTA,50001032387,Dinheiro em espécie - moeda nacional,5000.0
VITÓRIA DA CONQUISTA,50001032388,Dinheiro em espécie - moeda nacional,5000.0
VITÓRIA DA CONQUISTA,50001032389,"Veículo automotor terrestre: caminhão, automóvel, moto, etc.",43000.0
VITÓRIA DA CONQUISTA,50001032389,"Veículo automotor terrestre: caminhão, automóvel, moto, etc.",5500.0
VITÓRIA DA CONQUISTA,50001032389,Dinheiro em espécie - moeda nacional,5000.0
VITÓRIA DA CONQUISTA,50001032390,Dinheiro em espécie - moeda nacional,3000.0
VITÓRIA DA CONQUISTA,50001032391,"Veículo automotor terrestre: caminhão, automóvel, moto, etc.",15789.0
VITÓRIA DA CONQUISTA,50001032392,"Veículo automotor terrestre: caminhão, automóvel, moto, etc.",10000.0
VITÓRIA DA CONQUISTA,50001032392,Dinheiro em espécie - moeda nacional,3000.0
VITÓRIA DA CONQUISTA,50001032393,Dinheiro em espécie - moeda nacional,5000.0
VITÓRIA DA CONQUISTA,50001032394,Depósito bancário em conta corrente no País,15244.14
VITÓRIA DA CONQUISTA,50001032394,Dinheiro em espécie - moeda nacional,5000.0
VITÓRIA DA CONQUISTA,50001032394,Terreno,70000.0
VITÓRIA DA CONQUISTA,50001032395,Dinheiro em espécie - moeda nacional,4000.0
VITÓRIA DA CONQUISTA,50001032395,"Veículo automotor terrestre: caminhão, automóvel, moto, etc.",15000.0
VITÓRIA DA CONQUISTA,50001032395,Outros bens imóveis,80000.0
VITÓRIA DA CONQUISTA,50001032396,Outros bens imóveis,27000.0
VITÓRIA DA CONQUISTA,50001032396,Dinheiro em espécie - moeda nacional,5000.0
VITÓRIA DA CONQUISTA,50001032397,Dinheiro em espécie - moeda nacional,3000.0
VITÓRIA DA CONQUISTA,50001032398,Dinheiro em espécie - moeda nacional,5000.0
VITÓRIA DA CONQUISTA,50001032399,"Veículo automotor terrestre: caminhão, automóvel, moto, etc.",35000.0
VITÓRIA DA CONQUISTA,50001032399,Dinheiro em espécie - moeda nacional,5000.0
VITÓRIA DA CONQUISTA,50001032400,"Veículo automotor terrestre: caminhão, automóvel, moto, etc.",12627.0
VITÓRIA DA CONQUISTA,50001032400,Dinheiro em espécie - moeda nacional,5000.0
VITÓRIA DA CONQUISTA,50001032401,Dinheiro em espécie - moeda nacional,5000.0
VITÓRIA DA CONQUISTA,50001032402,Dinheiro em espécie - moeda nacional,3000.0
VITÓRIA DA CONQUISTA,50001032403,Terreno,8000.0
VITÓRIA DA CONQUISTA,50001032403,Terreno,1000.0
VITÓRIA DA CONQUISTA,50001032403,"Veículo automotor terrestre: caminhão, automóvel, moto, etc.",18000.0
VITÓRIA DA CONQUISTA,50001032403,Terreno,17800.0
VITÓRIA DA CONQUISTA,50001032403,Terreno,60000.0
VITÓRIA DA CONQUISTA,50001032404,Dinheiro em espécie - moeda nacional,3000.0
VITÓRIA DA CONQUISTA,50001032405,Depósito bancário em conta corrente no País,10000.0
VITÓRIA DA CONQUISTA,50001032405,Outras participações societárias,15675.37
VITÓRIA DA CONQUISTA,50001032405,"Veículo automotor terrestre: caminhão, automóvel, moto, etc.",43200.0
VITÓRIA DA CONQUISTA,50001032405,Apartamento,127000.0
VITÓRIA DA CONQUISTA,50001032405,Dinheiro em espécie - moeda nacional,5000.0
VITÓRIA DA CONQUISTA,50001032406,Casa,180000.0
VITÓRIA DA CONQUISTA,50001032407,Casa,60000.0
VITÓRIA DA CONQUISTA,50001032408,Dinheiro em espécie - moeda nacional,4000.0
VITÓRIA DA CONQUISTA,50001032408,Casa,114000.0
VITÓRIA DA CONQUISTA,50001032408,"Veículo automotor terrestre: caminhão, automóvel, moto, etc.",24000.0
VITÓRIA DA CONQUISTA,50001032409,Dinheiro em espécie - moeda nacional,3000.0
VITÓRIA DA CONQUISTA,50001032410,Dinheiro em espécie - moeda nacional,3000.0
VITÓRIA DA CONQUISTA,50001032394,"Veículo automotor terrestre: caminhão, automóvel, moto, etc.",6000.0
VITÓRIA DA CONQUISTA,50001032405,Apartamento,90000.0
VITÓRIA DA CONQUISTA,50001075788,"Veículo automotor terrestre: caminhão, automóvel, moto, etc.",12000.0
VITÓRIA DA CONQUISTA,50001075790,"Veículo automotor terrestre: caminhão, automóvel, moto, etc.",9000.0
VITÓRIA DA CONQUISTA,50001075791,Terreno,50000.0
VITÓRIA DA CONQUISTA,50001075791,Terreno,50000.0
VITÓRIA DA CONQUISTA,50001075791,"Veículo automotor terrestre: caminhão, automóvel, moto, etc.",40000.0
VITÓRIA DA CONQUISTA,50001075792,Casa,80000.0
VITÓRIA DA CONQUISTA,50001075793,Casa,100000.0
VITÓRIA DA CONQUISTA,50001075794,Casa,230000.0
VITÓRIA DA CONQUISTA,50001075798,Apartamento,180000.0
VITÓRIA DA CONQUISTA,50001075798,Outros bens imóveis,220000.0
VITÓRIA DA CONQUISTA,50001075798,"Veículo automotor terrestre: caminhão, automóvel, moto, etc.",150000.0
VITÓRIA DA CONQUISTA,50001075798,"Veículo automotor terrestre: caminhão, automóvel, moto, etc.",80000.0
VITÓRIA DA CONQUISTA,50001075799,"Veículo automotor terrestre: caminhão, automóvel, moto, etc.",18000.0
VITÓRIA DA CONQUISTA,50001075799,"Veículo automotor terrestre: caminhão, automóvel, moto, etc.",52000.0
VITÓRIA DA CONQUISTA,50001075800,Casa,1500000.0
VITÓRIA DA CONQUISTA,50001075804,Casa,100000.0
VITÓRIA DA CONQUISTA,50001075805,Caderneta de poupança,3029.56
VITÓRIA DA CONQUISTA,50001075807,Casa,150000.0
VITÓRIA DA CONQUISTA,50001075809,"Veículo automotor terrestre: caminhão, automóvel, moto, etc.",4000.0
VITÓRIA DA CONQUISTA,50001075809,Casa,80000.0
VITÓRIA DA CONQUISTA,50001075809,Terreno,40000.0
VITÓRIA DA CONQUISTA,50001075809,Casa,70000.0
VITÓRIA DA CONQUISTA,50001075809,Caderneta de poupança,6000.0
VITÓRIA DA CONQUISTA,50001075812,Fundo de Longo Prazo e Fundo de Investimentos em Direitos Creditórios (FIDC),90000.0
VITÓRIA DA CONQUISTA,50001075813,OUTROS BENS E DIREITOS,308378.98
VITÓRIA DA CONQUISTA,50001197357,Terreno,70000.0
VITÓRIA DA CONQUISTA,50001197357,Terreno,20000.0
VITÓRIA DA CONQUISTA,50001197357,Terra nua,40000.0
VITÓRIA DA CONQUISTA,50001197357,Terra nua,150000.0
VITÓRIA DA CONQUISTA,50001197357,"Veículo automotor terrestre: caminhão, automóvel, moto, etc.",57810.0
VITÓRIA DA CONQUISTA,50001197358,Casa,25000.0
VITÓRIA DA CONQUISTA,50001197358,"Veículo automotor terrestre: caminhão, automóvel, moto, etc.",43263.85
VITÓRIA DA CONQUISTA,50001197358,Caderneta de poupança,20010.44
VITÓRIA DA CONQUISTA,50001197359,Apartamento,200000.0
VITÓRIA DA CONQUISTA,50001197359,Casa,90000.0
VITÓRIA DA CONQUISTA,50001197359,Terreno,62000.0
VITÓRIA DA CONQUISTA,50001197359,"Veículo automotor terrestre: caminhão, automóvel, moto, etc.",21000.0
VITÓRIA DA CONQUISTA,50001197359,Quotas ou quinhões de capital,15000.0
VITÓRIA DA CONQUISTA,50001197359,Depósito bancário em conta corrente no País,37970.74
VITÓRIA DA CONQUISTA,50001197360,"Veículo automotor terrestre: caminhão, automóvel, moto, etc.",25000.0
VITÓRIA DA CONQUISTA,50001197360,"Veículo automotor terrestre: caminhão, automóvel, moto, etc.",12000.0
VITÓRIA DA CONQUISTA,50001197360,Terra nua,300000.0
VITÓRIA DA CONQUISTA,50001197360,Casa,150000.0
VITÓRIA DA CONQUISTA,50001197361,Casa,450000.0
VITÓRIA DA CONQUISTA,50001197361,"Veículo automotor terrestre: caminhão, automóvel, moto, etc.",28000.0
VITÓRIA DA CONQUISTA,50001197361,"Veículo automotor terrestre: caminhão, automóvel, moto, etc.",22000.0
VITÓRIA DA CONQUISTA,50001197362,Casa,130000.0
VITÓRIA DA CONQUISTA,50001197362,Terreno,90000.0
VITÓRIA DA CONQUISTA,50001197365,Apartamento,54695.68
VITÓRIA DA CONQUISTA,50001197365,Caderneta de poupança,19.71
VITÓRIA DA CONQUISTA,50001197365,Depósito bancário em conta corrente no País,5774.46
VITÓRIA DA CONQUISTA,50001197365,Caderneta de poupança,5005.8
VITÓRIA DA CONQUISTA,50001197365,Depósito bancário em conta corrente no País,2735.44
VITÓRIA DA CONQUISTA,50001197365,"Veículo automotor terrestre: caminhão, automóvel, moto, etc.",38000.0
VITÓRIA DA CONQUISTA,50001197365,"Veículo automotor terrestre: caminhão, automóvel, moto, etc.",4200.0
VITÓRIA DA CONQUISTA,50001197366,"Veículo automotor terrestre: caminhão, automóvel, moto, etc.",4000.0
VITÓRIA DA CONQUISTA,50001197368,"Veículo automotor terrestre: caminhão, automóvel, moto, etc.",8000.0
VITÓRIA DA CONQUISTA,50001197368,Casa,60000.0
VITÓRIA DA CONQUISTA,50001197368,Terreno,35000.0
VITÓRIA DA CONQUISTA,50001197368,"Veículo automotor terrestre: caminhão, automóvel, moto, etc.",16000.0
VITÓRIA DA CONQUISTA,50001197368,"Veículo automotor terrestre: caminhão, automóvel, moto, etc.",106803.19
VITÓRIA DA CONQUISTA,50001197370,Casa,18350.02
VITÓRIA DA CONQUISTA,50001197370,"Veículo automotor terrestre: caminhão, automóvel, moto, etc.",18000.0
VITÓRIA DA CONQUISTA,50001197372,Apartamento,78424.0
VITÓRIA DA CONQUISTA,50001197373,Casa,300000.0
VITÓRIA DA CONQUISTA,50001197373,"Veículo automotor terrestre: caminhão, automóvel, moto, etc.",25000.0
VITÓRIA DA CONQUISTA,50001197374,Consórcio não contemplado,33033.82
VITÓRIA DA CONQUISTA,50001197374,Caderneta de poupança,3438.41
VITÓRIA DA CONQUISTA,50001197374,Terreno,78000.0
VITÓRIA DA CONQUISTA,50001197374,Depósito bancário em conta corrente no País,1871.93
VITÓRIA DA CONQUISTA,50001197374,Terreno,75000.0
VITÓRIA DA CONQUISTA,50001197374,Casa,68000.0
VITÓRIA DA CONQUISTA,50001197374,"Veículo automotor terrestre: caminhão, automóvel, moto, etc.",18000.0
VITÓRIA DA CONQUISTA,50001198113,Casa,163000.0
VITÓRIA DA CONQUISTA,50001198114,Terreno,60000.0
VITÓRIA DA CONQUISTA,50001198114,"Aplicação de renda fixa (CDB, RDB e outros)",103950.0
VITÓRIA DA CONQUISTA,50001198114,Depósito bancário em conta corrente no País,8988.7
VITÓRIA DA CONQUISTA,50001198114,Terreno,30000.0
VITÓRIA DA CONQUISTA,50001198114,Consórcio não contemplado,25419.08
VITÓRIA DA CONQUISTA,50001198114,Outros bens imóveis,45000.0
VITÓRIA DA CONQUISTA,50001198114,Terreno,30000.0
VITÓRIA DA CONQUISTA,50001198114,"Veículo automotor terrestre: caminhão, automóvel, moto, etc.",183500.0
VITÓRIA DA CONQUISTA,50001198114,Caderneta de poupança,40441.42
VITÓRIA DA CONQUISTA,50001198114,Apartamento,272657.46
VITÓRIA DA CONQUISTA,50001198114,Outras aplicações e Investimentos,891613.78
VITÓRIA DA CONQUISTA,50001198114,Depósito bancário em conta corrente no País,201700.78
VITÓRIA DA CONQUISTA,50001198114,Depósito bancário em conta corrente no País,10874.16
VITÓRIA DA CONQUISTA,50001197356,Casa,1.0
VITÓRIA DA CONQUISTA,50001197374,Terreno,60400.0
VITÓRIA DA CONQUISTA,50001198114,Casa,350000.0
VITÓRIA DA CONQUISTA,50001211563,Depósito bancário em conta corrente no País,6300.0
VITÓRIA DA CONQUISTA,50001211563,"Veículo automotor terrestre: caminhão, automóvel, moto, etc.",120000.0
VITÓRIA DA CONQUISTA,50001211564,Dinheiro em espécie - moeda nacional,900.0
VITÓRIA DA CONQUISTA,50001211565,Outros bens móveis,100000.0
VITÓRIA DA CONQUISTA,50001211565,Depósito bancário em conta corrente no País,5000.0
VITÓRIA DA CONQUISTA,50001211565,"Veículo automotor terrestre: caminhão, automóvel, moto, etc.",8000.0
VITÓRIA DA CONQUISTA,50001211565,Terreno,24000.0
VITÓRIA DA CONQUISTA,50001211565,Casa,70000.0
VITÓRIA DA CONQUISTA,50001211566,Dinheiro em espécie - moeda nacional,300.0
VITÓRIA DA CONQUISTA,50001211566,Depósito bancário em conta corrente no País,4000.0
VITÓRIA DA CONQUISTA,50001211566,"Veículo automotor terrestre: caminhão, automóvel, moto, etc.",55000.0
VITÓRIA DA CONQUISTA,50001211567,Dinheiro em espécie - moeda nacional,650.0
VITÓRIA DA CONQUISTA,50001211567,"Veículo automotor terrestre: caminhão, automóvel, moto, etc.",21000.0
VITÓRIA DA CONQUISTA,50001211568,Dinheiro em espécie - moeda nacional,300.0
VITÓRIA DA CONQUISTA,50001211569,Terreno,15000.0
VITÓRIA DA CONQUISTA,50001211569,Dinheiro em espécie - moeda nacional,650.0
VITÓRIA DA CONQUISTA,50001211570,Depósito bancário em conta corrente no País,23000.0
VITÓRIA DA CONQUISTA,50001211570,Terreno,91511.36
VITÓRIA DA CONQUISTA,50001211570,Outros bens imóveis,19998.0
VITÓRIA DA CONQUISTA,50001211570,Outros bens imóveis,19998.0
VITÓRIA DA CONQUISTA,50001211570,"Veículo automotor terrestre: caminhão, automóvel, moto, etc.",30000.0
VITÓRIA DA CONQUISTA,50001211570,Apartamento,108000.0
VITÓRIA DA CONQUISTA,50001211570,Outros bens imóveis,11500.0
VITÓRIA DA CONQUISTA,50001211570,"Veículo automotor terrestre: caminhão, automóvel, moto, etc.",50000.0
VITÓRIA DA CONQUISTA,50001211571,Dinheiro em espécie - moeda nacional,1200.0
VITÓRIA DA CONQUISTA,50001211572,Dinheiro em espécie - moeda nacional,2250.0
VITÓRIA DA CONQUISTA,50001211572,Casa,128000.0
VITÓRIA DA CONQUISTA,50001211572,"Veículo automotor terrestre: caminhão, automóvel, moto, etc.",4500.0
VITÓRIA DA CONQUISTA,50001211573,Outras participações societárias,100000.0
VITÓRIA DA CONQUISTA,50001211573,Outras participações societárias,30000.0
VITÓRIA DA CONQUISTA,50001211573,Dinheiro em espécie - moeda nacional,20000.0
VITÓRIA DA CONQUISTA,50001211574,Casa,40000.0
VITÓRIA DA CONQUISTA,50001211574,Dinheiro em espécie - moeda nacional,1500.0
VITÓRIA DA CONQUISTA,50001211575,"Veículo automotor terrestre: caminhão, automóvel, moto, etc.",45000.0
VITÓRIA DA CONQUISTA,50001211575,Terreno,15000.0
VITÓRIA DA CONQUISTA,50001211575,Dinheiro em espécie - moeda nacional,2350.0
VITÓRIA DA CONQUISTA,50001211575,Terreno,15000.0
VITÓRIA DA CONQUISTA,50001211576,Dinheiro em espécie - moeda nacional,1000.0
VITÓRIA DA CONQUISTA,50001211576,Outros bens imóveis,150000.0
VITÓRIA DA CONQUISTA,50001211577,Dinheiro em espécie - moeda nacional,250.0
VITÓRIA DA CONQUISTA,50001211578,Dinheiro em espécie - moeda nacional,1000.0
VITÓRIA DA CONQUISTA,50001211578,Depósito bancário em conta corrente no País,10000.0
VITÓRIA DA CONQUISTA,50001211579,Dinheiro em espécie - moeda nacional,500.0
VITÓRIA DA CONQUISTA,50001211579,Casa,180000.0
VITÓRIA DA CONQUISTA,50001211579,"Veículo automotor terrestre: caminhão, automóvel, moto, etc.",22000.0
VITÓRIA DA CONQUISTA,50001211579,Depósito bancário em conta corrente no País,2000.0
VITÓRIA DA CONQUISTA,50001211579,"Veículo automotor terrestre: caminhão, automóvel, moto, etc.",8000.0
VITÓRIA DA CONQUISTA,50001211580,Dinheiro em espécie - moeda nacional,300.0
VITÓRIA DA CONQUISTA,50001211581,Dinheiro em espécie - moeda nacional,500.0
VITÓRIA DA CONQUISTA,50001211581,Depósito bancário em conta corrente no País,3100.0
VITÓRIA DA CONQUISTA,50001211581,"Veículo automotor terrestre: caminhão, automóvel, moto, etc.",89000.0
VITÓRIA DA CONQUISTA,50001211581,"Veículo automotor terrestre: caminhão, automóvel, moto, etc.",15000.0
VITÓRIA DA CONQUISTA,50001211581,Outros bens imóveis,350000.0
VITÓRIA DA CONQUISTA,50001211582,Dinheiro em espécie - moeda nacional,560.0
VITÓRIA DA CONQUISTA,50001211583,Construção,604000.0
VITÓRIA DA CONQUISTA,50001211583,Casa,5610.95
VITÓRIA DA CONQUISTA,50001211583,"Veículo automotor terrestre: caminhão, automóvel, moto, etc.",33000.0
VITÓRIA DA CONQUISTA,50001211583,Depósito bancário em conta corrente no País,3.84
VITÓRIA DA CONQUISTA,50001211583,Depósito bancário em conta corrente no País,1062.68
VITÓRIA DA CONQUISTA,50001211583,Caderneta de poupança,47834.44
VITÓRIA DA CONQUISTA,50001211583,"Aplicação de renda fixa (CDB, RDB e outros)",20463.62
VITÓRIA DA CONQUISTA,50001211583,Terreno,416.38
VITÓRIA DA CONQUISTA,50001211583,Caderneta de poupança,1134.07
VITÓRIA DA CONQUISTA,50001211584,Terreno,46800.0
VITÓRIA DA CONQUISTA,50001211584,Dinheiro em espécie - moeda nacional,550.0
VITÓRIA DA CONQUISTA,50001211585,Dinheiro em espécie - moeda nacional,300.0
VITÓRIA DA CONQUISTA,50001211586,Dinheiro em espécie - moeda nacional,350.0
VITÓRIA DA CONQUISTA,50001211586,Casa,230000.0
VITÓRIA DA CONQUISTA,50001211586,"Veículo automotor terrestre: caminhão, automóvel, moto, etc.",18000.0
VITÓRIA DA CONQUISTA,50001211586,Depósito bancário em conta corrente no País,18000.0
VITÓRIA DA CONQUISTA,50001211587,Dinheiro em espécie - moeda nacional,1450.0
VITÓRIA DA CONQUISTA,50001211587,Depósito bancário em conta corrente no País,2300.0
VITÓRIA DA CONQUISTA,50001211623,"Veículo automotor terrestre: caminhão, automóvel, moto, etc.",19500.0
VITÓRIA DA CONQUISTA,50001211623,Dinheiro em espécie - moeda nacional,300.0
VITÓRIA DA CONQUISTA,50001211623,Casa,280000.0
VITÓRIA DA CONQUISTA,50001211624,Dinheiro em espécie - moeda nacional,500.0
VITÓRIA DA CONQUISTA,50001211625,Dinheiro em espécie - moeda nacional,1500.0
VITÓRIA DA CONQUISTA,50001211626,Dinheiro em espécie - moeda nacional,600.0
VITÓRIA DA CONQUISTA,50001211627,Dinheiro em espécie - moeda nacional,500.0
VITÓRIA DA CONQUISTA,50001211628,Dinheiro em espécie - moeda nacional,500.0
VITÓRIA DA CONQUISTA,50001211629,Dinheiro em espécie - moeda nacional,300.0
VITÓRIA DA CONQUISTA,50001211629,"Veículo automotor terrestre: caminhão, automóvel, moto, etc.",6000.0
VITÓRIA DA CONQUISTA,50001211630,Dinheiro em espécie - moeda nacional,300.0
VITÓRIA DA CONQUISTA,50001211631,Dinheiro em espécie - moeda nacional,300.0
VITÓRIA DA CONQUISTA,50001211631,"Veículo automotor terrestre: caminhão, automóvel, moto, etc.",8000.0
VITÓRIA DA CONQUISTA,50001211632,Dinheiro em espécie - moeda nacional,300.0
VITÓRIA DA CONQUISTA,50001211633,Dinheiro em espécie - moeda nacional,300.0
VITÓRIA DA CONQUISTA,50001211634,Dinheiro em espécie - moeda nacional,1000.0
VITÓRIA DA CONQUISTA,50001211635,Dinheiro em espécie - moeda nacional,300.0
VITÓRIA DA CONQUISTA,50001211636,"Veículo automotor terrestre: caminhão, automóvel, moto, etc.",20000.0
VITÓRIA DA CONQUISTA,50001211636,Casa,130000.0
VITÓRIA DA CONQUISTA,50001211636,Dinheiro em espécie - moeda nacional,5000.0
VITÓRIA DA CONQUISTA,50001211636,Terreno,100000.0
VITÓRIA DA CONQUISTA,50001211637,Quotas ou quinhões de capital,10000.0
VITÓRIA DA CONQUISTA,50001211637,Construção,100000.0
VITÓRIA DA CONQUISTA,50001211637,Casa,13000.0
VITÓRIA DA CONQUISTA,50001211638,Dinheiro em espécie - moeda nacional,1500.0
VITÓRIA DA CONQUISTA,50001211638,Depósito bancário em conta corrente no País,800.0
VITÓRIA DA CONQUISTA,50001211639,Dinheiro em espécie - moeda nacional,500.0
VITÓRIA DA CONQUISTA,50001212532,"Veículo automotor terrestre: caminhão, automóvel, moto, etc.",9300.0
VITÓRIA DA CONQUISTA,50001212532,"Veículo automotor terrestre: caminhão, automóvel, moto, etc.",4300.0
